Keypoints,Class
"[[0.50644195 0.8653652  0.77695996]
 [0.4846104  0.8913143  0.6543011 ]
 [0.48381102 0.8932373  0.68975055]
 [0.4069269  0.86770797 0.8262543 ]
 [0.41160408 0.8675497  0.8862573 ]
 [0.33755335 0.7191396  0.54102296]
 [0.40438154 0.7098821  0.5688883 ]
 [0.5750984  0.48423806 0.6748306 ]
 [0.6288632  0.5315982  0.87075365]
 [0.7707108  0.429869   0.56163853]
 [0.87063915 0.4604794  0.94287187]
 [0.09949233 0.35529628 0.6882669 ]
 [0.11231843 0.32829362 0.8506133 ]
 [0.43588173 0.5147338  0.4697349 ]
 [0.48502254 0.541366   0.5560852 ]
 [0.3751942  0.18659294 0.73416305]
 [0.41717196 0.1620966  0.81310123]]"
"[[0.60354537 0.0447274  0.6191286 ]
 [0.5638813  0.02975669 0.42867842]
 [0.56951684 0.01772037 0.64648426]
 [0.45967877 0.08246449 0.50491095]
 [0.47009283 0.05703464 0.28127766]
 [0.43197638 0.24416481 0.6985434 ]
 [0.39082912 0.26092574 0.41820616]
 [0.6530876  0.5881283  0.7856822 ]
 [0.62287337 0.5622686  0.2627472 ]
 [0.96428365 0.5764953  0.8632725 ]
 [0.8578837  0.5847772  0.29339862]
 [0.1279407  0.7782642  0.78580135]
 [0.12149894 0.76690215 0.75962955]
 [0.5303086  0.4707212  0.5128665 ]
 [0.48162135 0.49462345 0.35701588]
 [0.52255875 0.88821226 0.8610647 ]
 [0.47962853 0.851999   0.64512706]]"
"[[0.58931196 0.81408775 0.7000866 ]
 [0.5750674  0.84505385 0.81219363]
 [0.5749988  0.84688157 0.7388513 ]
 [0.4924662  0.84910244 0.89183086]
 [0.4914679  0.8406838  0.8238236 ]
 [0.41032198 0.7340691  0.7297248 ]
 [0.42375037 0.7178596  0.6312551 ]
 [0.6770943  0.52462345 0.46599215]
 [0.6866912  0.5240208  0.9110002 ]
 [0.8744401  0.49585965 0.88686883]
 [0.9438194  0.4841081  0.8113336 ]
 [0.10048935 0.39208326 0.77721053]
 [0.10243962 0.3729589  0.8433537 ]
 [0.5258879  0.5549066  0.6811054 ]
 [0.5191759  0.557292   0.7282118 ]
 [0.36214834 0.2168534  0.8398274 ]
 [0.36883768 0.20406368 0.87868774]]"
"[[0.52815795 0.917634   0.84065616]
 [0.48687506 0.92463    0.8592368 ]
 [0.4858123  0.92642707 0.7872077 ]
 [0.42871547 0.86007124 0.9052925 ]
 [0.43082866 0.8581398  0.8660222 ]
 [0.42192277 0.70935196 0.7745346 ]
 [0.41105008 0.7165597  0.9052419 ]
 [0.63844305 0.47770295 0.7431128 ]
 [0.64800876 0.46941662 0.9118099 ]
 [0.8910809  0.48093426 0.73614895]
 [0.9209525  0.4671672  0.82714003]
 [0.08103477 0.35609546 0.7961989 ]
 [0.0907326  0.34967268 0.666085  ]
 [0.44251546 0.57925314 0.57112753]
 [0.44127524 0.5862449  0.78908443]
 [0.3939129  0.20308429 0.5773691 ]
 [0.39644635 0.1770607  0.6943222 ]]"
"[[0.5935098  0.8108356  0.6005733 ]
 [0.578419   0.84267837 0.58163   ]
 [0.57006633 0.84044564 0.8393707 ]
 [0.48346785 0.8332894  0.71271336]
 [0.47082186 0.82330716 0.86803263]
 [0.42486483 0.7242414  0.590106  ]
 [0.41509628 0.6751144  0.6150966 ]
 [0.6551993  0.56334007 0.6949836 ]
 [0.63602275 0.4860558  0.7091393 ]
 [0.8533089  0.4487151  0.8291692 ]
 [0.89104325 0.36822066 0.5655122 ]
 [0.11392101 0.39059275 0.81895876]
 [0.11918978 0.3593108  0.60966784]
 [0.48088315 0.53419954 0.4600319 ]
 [0.47302514 0.5173157  0.7379515 ]
 [0.4615943  0.18248475 0.7094863 ]
 [0.45989624 0.16070735 0.685266  ]]"
"[[0.46029696 0.14370535 0.79261863]
 [0.41976112 0.11788916 0.7983736 ]
 [0.41939002 0.12043998 0.7587709 ]
 [0.33278066 0.1747929  0.8258183 ]
 [0.33444768 0.1766919  0.8142992 ]
 [0.3178832  0.3507753  0.686983  ]
 [0.29497367 0.35043478 0.50484586]
 [0.5784667  0.6261602  0.8216466 ]
 [0.52436334 0.5990906  0.62875843]
 [0.8842515  0.61351025 0.8551791 ]
 [0.76858246 0.62305725 0.58855116]
 [0.1730572  0.8575368  0.71987444]
 [0.16199477 0.8493046  0.32480916]
 [0.34379506 0.42610723 0.6718477 ]
 [0.33218706 0.42472142 0.63626564]
 [0.5047694  0.8296367  0.6750145 ]
 [0.4943905  0.8261353  0.81787103]]"
"[[0.7017127  0.86052096 0.7161274 ]
 [0.6765916  0.88640565 0.7031014 ]
 [0.6769531  0.8896186  0.7443038 ]
 [0.59346205 0.8682539  0.8197644 ]
 [0.5955555  0.8699064  0.8588588 ]
 [0.49539068 0.74524003 0.5914558 ]
 [0.49736986 0.7387101  0.789738  ]
 [0.6769907  0.48837078 0.1683169 ]
 [0.69008505 0.49040726 0.7824025 ]
 [0.8596704  0.4739301  0.5812402 ]
 [0.9031454  0.4848664  0.56154823]
 [0.16507094 0.41308394 0.8565636 ]
 [0.17174555 0.38814655 0.8168777 ]
 [0.5584759  0.5235638  0.6391299 ]
 [0.5752861  0.5328352  0.7123647 ]
 [0.40478194 0.20381011 0.6970319 ]
 [0.4165998  0.17776793 0.6910271 ]]"
"[[0.53978914 0.11810727 0.8590154 ]
 [0.5096815  0.09489396 0.84840727]
 [0.51062    0.09649112 0.8008872 ]
 [0.43957278 0.13120532 0.852245  ]
 [0.43728098 0.13340041 0.86191916]
 [0.41804764 0.2570321  0.7889025 ]
 [0.37012506 0.28925866 0.5368501 ]
 [0.661772   0.44155878 0.58768606]
 [0.6039236  0.49502784 0.41000208]
 [0.90691096 0.56681865 0.9081819 ]
 [0.83405554 0.5627429  0.26765716]
 [0.13290118 0.6710146  0.8558607 ]
 [0.11396661 0.68347347 0.7805398 ]
 [0.5008873  0.3919831  0.83624274]
 [0.4594696  0.4895451  0.59617543]
 [0.47724086 0.815853   0.64057684]
 [0.42161742 0.80659777 0.830775  ]]"
"[[0.6591853  0.81354654 0.80150425]
 [0.64217967 0.8477168  0.7535909 ]
 [0.64178973 0.8497514  0.76154745]
 [0.5525341  0.8401556  0.8793263 ]
 [0.55214435 0.8376345  0.93790597]
 [0.47580478 0.7099862  0.42090392]
 [0.48556286 0.7166353  0.61990285]
 [0.6612308  0.49687645 0.7260872 ]
 [0.67599875 0.50180095 0.8255677 ]
 [0.8771955  0.519413   0.80852246]
 [0.95526946 0.5303892  0.8476693 ]
 [0.08622415 0.44157273 0.7438157 ]
 [0.08040754 0.442677   0.7030401 ]
 [0.4946694  0.5705803  0.6364615 ]
 [0.49377307 0.58451855 0.75025356]
 [0.37806934 0.20621824 0.8145167 ]
 [0.3843267  0.19801666 0.8147078 ]]"
"[[0.5844031  0.85403126 0.84468585]
 [0.55203897 0.88021505 0.8107971 ]
 [0.54780453 0.8819293  0.737692  ]
 [0.46613285 0.8384778  0.85799366]
 [0.46230534 0.8330183  0.90095264]
 [0.39261004 0.6720908  0.8025003 ]
 [0.4045283  0.66855997 0.7586262 ]
 [0.63988465 0.45628557 0.47779247]
 [0.6531744  0.48385245 0.90069425]
 [0.8724228  0.4336096  0.61608493]
 [0.90404946 0.44369015 0.7601554 ]
 [0.11952336 0.33950585 0.7376177 ]
 [0.12015963 0.33322725 0.8402927 ]
 [0.46699464 0.5351715  0.5220659 ]
 [0.4705134  0.55398464 0.8156551 ]
 [0.40341464 0.17163505 0.6378748 ]
 [0.4091203  0.15451318 0.5694621 ]]"
"[[0.57182896 0.20911282 0.45383328]
 [0.54741126 0.18694834 0.38032436]
 [0.5550531  0.1800733  0.6578653 ]
 [0.4568     0.20457074 0.52804303]
 [0.47297457 0.19745211 0.4038348 ]
 [0.40312347 0.3474538  0.5008689 ]
 [0.38925534 0.33904177 0.38101134]
 [0.6087969  0.53069276 0.63192093]
 [0.59401083 0.54079676 0.36340275]
 [0.8530238  0.5382963  0.480735  ]
 [0.84415287 0.54211354 0.22698496]
 [0.07573347 0.64864206 0.56970286]
 [0.07626807 0.63534284 0.47876358]
 [0.45414522 0.46817914 0.5421395 ]
 [0.4321213  0.49053788 0.18949427]
 [0.33550444 0.82159865 0.46435463]
 [0.3421294  0.8101508  0.41255352]]"
"[[0.48753238 0.8884866  0.77655977]
 [0.45387387 0.91305196 0.7251595 ]
 [0.45470992 0.91676295 0.760743  ]
 [0.38117042 0.87385565 0.84232956]
 [0.38412544 0.8753304  0.8807444 ]
 [0.34736067 0.6912807  0.48492485]
 [0.3853059  0.7489939  0.7300894 ]
 [0.6009139  0.48605737 0.5090074 ]
 [0.6589643  0.5633073  0.6992704 ]
 [0.8216172  0.39133596 0.7561781 ]
 [0.9337542  0.4620691  0.85589284]
 [0.1251848  0.27146512 0.8358434 ]
 [0.1367654  0.27514303 0.71527827]
 [0.45416498 0.5518301  0.31453913]
 [0.48711556 0.62569773 0.68855965]
 [0.50032973 0.19301395 0.53696805]
 [0.5250679  0.19371748 0.83123565]]"
"[[0.6016707  0.17814183 0.80331975]
 [0.5733372  0.1505211  0.8619796 ]
 [0.57385033 0.14953005 0.85401905]
 [0.49097988 0.17586511 0.873778  ]
 [0.49313897 0.17666103 0.7732938 ]
 [0.44591558 0.3533307  0.774269  ]
 [0.43150207 0.35115257 0.460565  ]
 [0.6557333  0.579725   0.79686844]
 [0.6242263  0.561773   0.4123478 ]
 [0.8161486  0.59406203 0.31300208]
 [0.80589896 0.5937208  0.37626487]
 [0.2445001  0.76577216 0.70938444]
 [0.24685797 0.75929815 0.67039084]
 [0.52036524 0.48351207 0.72932756]
 [0.50956005 0.49654657 0.77712905]
 [0.5315801  0.85171515 0.7445822 ]
 [0.5293258  0.85082513 0.7825052 ]]"
"[[0.53525394 0.8631475  0.77062666]
 [0.50868684 0.8896975  0.77027357]
 [0.50763077 0.89277124 0.7871271 ]
 [0.43111345 0.866358   0.9234808 ]
 [0.43188363 0.86291254 0.9292454 ]
 [0.3578395  0.717529   0.6424084 ]
 [0.3860639  0.73029804 0.659925  ]
 [0.6050184  0.52924544 0.5696581 ]
 [0.6502791  0.57339823 0.9118656 ]
 [0.7829872  0.47203165 0.7903387 ]
 [0.878783   0.48180372 0.75901353]
 [0.13005143 0.34912106 0.7636664 ]
 [0.13289365 0.33821198 0.7784812 ]
 [0.48414382 0.57115674 0.49895796]
 [0.49348953 0.6170457  0.7351924 ]
 [0.42507768 0.20804109 0.7334801 ]
 [0.43248308 0.19475102 0.7678253 ]]"
"[[0.6048077  0.85203356 0.73800474]
 [0.57065433 0.8766802  0.79742175]
 [0.569024   0.8795016  0.7896765 ]
 [0.4938408  0.8348171  0.8318825 ]
 [0.49264613 0.8296747  0.8091282 ]
 [0.4300075  0.6891828  0.6862414 ]
 [0.45059383 0.7021044  0.83402205]
 [0.60962224 0.44998884 0.5425312 ]
 [0.62715936 0.45008495 0.91033006]
 [0.79907376 0.45316827 0.8967061 ]
 [0.8751255  0.4466419  0.7567022 ]
 [0.13200876 0.2957204  0.79820126]
 [0.13564372 0.28600815 0.6720893 ]
 [0.46810946 0.5219979  0.6215733 ]
 [0.4698855  0.5283031  0.7274667 ]
 [0.48060024 0.1702194  0.7981422 ]
 [0.49512547 0.15696864 0.76892877]]"
"[[0.5536744  0.13378894 0.56162184]
 [0.5231     0.11720742 0.70417887]
 [0.53224224 0.10300355 0.6438669 ]
 [0.43576637 0.16895762 0.68296003]
 [0.4552924  0.15213795 0.56407046]
 [0.41031688 0.3170882  0.8156721 ]
 [0.41712427 0.31689525 0.749215  ]
 [0.63939774 0.5459814  0.7149512 ]
 [0.635527   0.5411078  0.5598653 ]
 [0.91784143 0.5803991  0.74756527]
 [0.91383505 0.57173663 0.44549975]
 [0.10931566 0.75501233 0.6997374 ]
 [0.10792847 0.7277398  0.721812  ]
 [0.40899396 0.48075068 0.6979914 ]
 [0.40308282 0.4900672  0.7380594 ]
 [0.4953927  0.85735935 0.7799084 ]
 [0.48711807 0.8487896  0.4667706 ]]"
"[[0.46811748 0.8736721  0.6095848 ]
 [0.43494993 0.8901668  0.81085026]
 [0.43414387 0.8926636  0.7692394 ]
 [0.37042576 0.8483478  0.89877737]
 [0.36843726 0.8445009  0.8713592 ]
 [0.35964087 0.68457484 0.6074238 ]
 [0.40338403 0.68526983 0.7363696 ]
 [0.60498476 0.48990536 0.6377596 ]
 [0.62429845 0.49881575 0.6939863 ]
 [0.793627   0.4513856  0.6981582 ]
 [0.854303   0.43820098 0.91894764]
 [0.16385335 0.28073102 0.7964103 ]
 [0.16909856 0.26526332 0.88057876]
 [0.47718734 0.5091261  0.37857878]
 [0.49428082 0.5411475  0.7811486 ]
 [0.45742938 0.17692275 0.7575861 ]
 [0.49010688 0.15478818 0.62825006]]"
"[[0.58995193 0.8729453  0.7404584 ]
 [0.5575762  0.89971566 0.8489218 ]
 [0.55289644 0.90161985 0.8741095 ]
 [0.4711963  0.85491705 0.8231084 ]
 [0.4664623  0.8472714  0.80716455]
 [0.39787838 0.68382317 0.7508029 ]
 [0.4090875  0.6847408  0.8435345 ]
 [0.6400049  0.46376076 0.5173836 ]
 [0.656784   0.49871826 0.9105122 ]
 [0.8827301  0.44698936 0.67086333]
 [0.9163205  0.4532699  0.72045505]
 [0.12034463 0.35650563 0.76225084]
 [0.12223474 0.34430486 0.6353947 ]
 [0.4668023  0.54870933 0.5528834 ]
 [0.4728584  0.5679668  0.81895256]
 [0.40541577 0.1853095  0.750851  ]
 [0.41135037 0.16055435 0.63649356]]"
"[[0.6430388  0.8172785  0.63838375]
 [0.6321753  0.8533021  0.5980805 ]
 [0.6330279  0.8564821  0.5701921 ]
 [0.5432899  0.8658353  0.55586874]
 [0.5503736  0.86284333 0.65953547]
 [0.44838953 0.7379905  0.69661677]
 [0.4720641  0.7387533  0.7049683 ]
 [0.64527386 0.50623    0.36421937]
 [0.65369594 0.49932492 0.7867602 ]
 [0.81317586 0.49797288 0.41277477]
 [0.8498703  0.4988584  0.55932736]
 [0.2198931  0.34620863 0.6350231 ]
 [0.21732712 0.33641288 0.7754379 ]
 [0.5084995  0.5526954  0.40845567]
 [0.5240796  0.5584972  0.3489223 ]
 [0.6336704  0.23434417 0.71092725]
 [0.6487845  0.21325856 0.6098312 ]]"
"[[0.670363   0.1200043  0.7661762 ]
 [0.63811934 0.09837328 0.794119  ]
 [0.6404794  0.09951577 0.7269099 ]
 [0.56178623 0.13877885 0.8127851 ]
 [0.56484306 0.1372617  0.69936645]
 [0.51530725 0.2972278  0.8747071 ]
 [0.4921477  0.2789559  0.8451227 ]
 [0.6953867  0.5386342  0.8855647 ]
 [0.66305983 0.5370347  0.45473883]
 [0.93232095 0.50739694 0.9295425 ]
 [0.8709837  0.49843565 0.6255828 ]
 [0.11646116 0.58615685 0.8402666 ]
 [0.13161427 0.58142364 0.7174754 ]
 [0.55664253 0.49456733 0.58630264]
 [0.53905666 0.5027834  0.7048884 ]
 [0.48732936 0.8778202  0.7221093 ]
 [0.48213515 0.8546697  0.76562655]]"
"[[0.4650777  0.8943574  0.62771976]
 [0.4277814  0.9097478  0.87377876]
 [0.42378017 0.9064357  0.792084  ]
 [0.35679823 0.84624815 0.6699997 ]
 [0.3505466  0.8319445  0.9141919 ]
 [0.3803584  0.71000886 0.559495  ]
 [0.34925753 0.6121321  0.62185216]
 [0.60847056 0.58397275 0.6266895 ]
 [0.62771475 0.46594313 0.8805032 ]
 [0.7856444  0.4643985  0.77891266]
 [0.84981    0.371288   0.8828571 ]
 [0.17643633 0.2833866  0.62992895]
 [0.18515113 0.20416497 0.8764366 ]
 [0.4877746  0.49684164 0.34444636]
 [0.48532835 0.44111237 0.787454  ]
 [0.5062149  0.19316743 0.28330046]
 [0.4837107  0.11967219 0.8484476 ]]"
"[[0.6288872  0.80786055 0.80273634]
 [0.607088   0.83923614 0.78961587]
 [0.6075494  0.8423978  0.7751105 ]
 [0.52294856 0.83180404 0.82423365]
 [0.5209322  0.8273288  0.802693  ]
 [0.44207883 0.7011108  0.49966553]
 [0.4453293  0.68537724 0.8140695 ]
 [0.68713385 0.5151224  0.6362498 ]
 [0.6938389  0.5354328  0.8365717 ]
 [0.8981141  0.44146952 0.54275715]
 [0.92245233 0.4283024  0.77032655]
 [0.0939245  0.35432872 0.8522941 ]
 [0.09798631 0.34479252 0.8951375 ]
 [0.47349688 0.571056   0.5262667 ]
 [0.47232124 0.5794094  0.6961068 ]
 [0.30558094 0.22497319 0.7461741 ]
 [0.31487474 0.22414601 0.8015267 ]]"
"[[0.5647659  0.19489178 0.76921964]
 [0.54380107 0.15732978 0.63882625]
 [0.54646957 0.15565473 0.5433306 ]
 [0.4417622  0.16143847 0.86202365]
 [0.4475393  0.16228448 0.8238379 ]
 [0.39230326 0.29991078 0.8100641 ]
 [0.35559583 0.30525857 0.6857363 ]
 [0.6508954  0.41543344 0.8287995 ]
 [0.6438794  0.4277367  0.6523104 ]
 [0.9160071  0.5193388  0.719231  ]
 [0.8938149  0.5252235  0.49022222]
 [0.09139621 0.6825635  0.75432825]
 [0.0942756  0.67740995 0.678824  ]
 [0.42362064 0.39252937 0.6685974 ]
 [0.41677928 0.41465425 0.44674593]
 [0.43771067 0.80057555 0.5242435 ]
 [0.43592265 0.7961702  0.71530163]]"
"[[0.5409898  0.13115981 0.7726299 ]
 [0.50756776 0.12132228 0.5529037 ]
 [0.5112575  0.11637345 0.74933577]
 [0.44593978 0.17907535 0.9121597 ]
 [0.45107973 0.17307803 0.68713796]
 [0.41915134 0.37529126 0.7250616 ]
 [0.4845806  0.30597037 0.56091845]
 [0.61381626 0.54593474 0.8052233 ]
 [0.6235843  0.4396044  0.68784046]
 [0.7945245  0.6594753  0.82796466]
 [0.7750422  0.5534519  0.62417376]
 [0.22039543 0.68974525 0.69635427]
 [0.23405589 0.63886166 0.5544492 ]
 [0.47039598 0.52326244 0.74014235]
 [0.52412045 0.45395216 0.4680161 ]
 [0.47014043 0.88869256 0.8986548 ]
 [0.46809626 0.86537415 0.32076   ]]"
"[[0.5220625  0.17772909 0.8098065 ]
 [0.49606562 0.15469515 0.68378127]
 [0.49665555 0.15368645 0.61048853]
 [0.42421988 0.18754339 0.8280013 ]
 [0.42318937 0.18642923 0.8367701 ]
 [0.38656276 0.31835464 0.7816802 ]
 [0.33398703 0.3199271  0.6257167 ]
 [0.60310894 0.4908127  0.6764548 ]
 [0.5401356  0.5117173  0.259929  ]
 [0.8548148  0.53636163 0.8040995 ]
 [0.6848116  0.5049658  0.47711253]
 [0.05330435 0.6261346  0.8250955 ]
 [0.05065302 0.62522817 0.7641441 ]
 [0.42700458 0.41339055 0.76414204]
 [0.3720766  0.4649981  0.49396148]
 [0.38338482 0.76918817 0.83510983]
 [0.36391425 0.754206   0.6472758 ]]"
"[[0.6164583  0.15126255 0.2584637 ]
 [0.5924073  0.12885056 0.44766557]
 [0.59404147 0.1319743  0.28738704]
 [0.51797956 0.17056285 0.47283617]
 [0.5164267  0.15537845 0.37189895]
 [0.46401456 0.3030083  0.59071535]
 [0.43625116 0.29639995 0.7321607 ]
 [0.6886563  0.5302368  0.8359902 ]
 [0.6519211  0.52648854 0.3961816 ]
 [0.9503331  0.5093765  0.86117953]
 [0.83236104 0.5110559  0.49573052]
 [0.07865116 0.62109315 0.7669256 ]
 [0.08493327 0.5866002  0.67982674]
 [0.50668365 0.46125913 0.7832833 ]
 [0.49658307 0.46130574 0.42464757]
 [0.37343055 0.82975346 0.48146576]
 [0.38574234 0.8130471  0.5754338 ]]"
"[[0.6323914  0.8579002  0.63693666]
 [0.6053113  0.89534026 0.6224259 ]
 [0.60344374 0.8985983  0.72810835]
 [0.5005907  0.8882717  0.6658858 ]
 [0.49841425 0.87978035 0.7592658 ]
 [0.3729102  0.6838189  0.2633996 ]
 [0.3983847  0.74283135 0.6204876 ]
 [0.5397842  0.41835204 0.29359004]
 [0.6063405  0.48650905 0.50844634]
 [0.77501523 0.44145626 0.50715524]
 [0.92840344 0.49722636 0.76605564]
 [0.07050163 0.3228101  0.3256921 ]
 [0.06041073 0.32830018 0.46147677]
 [0.3811027  0.48819783 0.04974685]
 [0.41298166 0.6230679  0.19721334]
 [0.45115238 0.16584428 0.28424853]
 [0.45831686 0.1518628  0.38906714]]"
"[[0.5717627  0.78870225 0.6887221 ]
 [0.55224144 0.8179589  0.8324027 ]
 [0.553788   0.8208383  0.8361161 ]
 [0.47331572 0.80784595 0.83225596]
 [0.47580436 0.80839616 0.8571865 ]
 [0.41191223 0.69097245 0.68313056]
 [0.43165922 0.6989717  0.81872857]
 [0.6281113  0.5102701  0.55727035]
 [0.6664113  0.5194177  0.83350074]
 [0.7960541  0.48052236 0.64256835]
 [0.9081259  0.47320783 0.8054836 ]
 [0.1710806  0.37765297 0.8843046 ]
 [0.1762808  0.37508217 0.9018245 ]
 [0.49293667 0.565937   0.6723274 ]
 [0.5080933  0.591739   0.6779959 ]
 [0.46136826 0.24129894 0.87589455]
 [0.47593886 0.22976846 0.77125967]]"
"[[0.5953974  0.7691254  0.62265795]
 [0.58416146 0.79082686 0.68612385]
 [0.5843348  0.79486823 0.62318426]
 [0.5084525  0.7950445  0.57648885]
 [0.5095697  0.79350823 0.76416063]
 [0.40059417 0.6695829  0.7342651 ]
 [0.41799816 0.679103   0.7877781 ]
 [0.62905777 0.45921433 0.73240435]
 [0.6424417  0.49374512 0.8761412 ]
 [0.86925817 0.43044305 0.5099122 ]
 [0.90078264 0.45210725 0.86601543]
 [0.1410132  0.32446277 0.6848913 ]
 [0.14305174 0.31852996 0.64837193]
 [0.47697836 0.56412524 0.4301231 ]
 [0.47879404 0.5790056  0.6976733 ]
 [0.48172447 0.18895108 0.64559954]
 [0.48297644 0.16636164 0.5436821 ]]"
"[[0.58682495 0.23025571 0.76428175]
 [0.5706053  0.19666956 0.7936822 ]
 [0.57202244 0.19244966 0.74417233]
 [0.47398177 0.18906394 0.87465537]
 [0.4780397  0.18723077 0.7559938 ]
 [0.45124152 0.31025922 0.80783737]
 [0.42251962 0.35567707 0.4143159 ]
 [0.6734354  0.46721733 0.73903763]
 [0.6338232  0.5427209  0.5073321 ]
 [0.9336469  0.5462077  0.7367726 ]
 [0.891486   0.62211555 0.5504797 ]
 [0.15409604 0.7072433  0.8351927 ]
 [0.15440947 0.73257816 0.72519976]
 [0.48679218 0.37482375 0.5330319 ]
 [0.4948545  0.47043493 0.3670242 ]
 [0.5171593  0.7960254  0.83503675]
 [0.5145264  0.8041042  0.7382004 ]]"
"[[0.69895506 0.898071   0.54645777]
 [0.67520237 0.92605215 0.7355131 ]
 [0.67343587 0.92649144 0.6835948 ]
 [0.57692254 0.91107094 0.6163697 ]
 [0.57560426 0.90527314 0.6342433 ]
 [0.47502425 0.74536175 0.4683448 ]
 [0.48776037 0.7532852  0.720256  ]
 [0.66705453 0.4671819  0.6280631 ]
 [0.7074848  0.50592965 0.76232433]
 [0.89553344 0.46468067 0.7326045 ]
 [0.96975833 0.49829152 0.68666756]
 [0.19044776 0.32122484 0.820124  ]
 [0.19353347 0.29980975 0.7699471 ]
 [0.5290577  0.59148586 0.55913   ]
 [0.5411556  0.59248996 0.82062685]
 [0.6356781  0.22316453 0.6015606 ]
 [0.6531773  0.21181642 0.80177116]]"
"[[0.45971155 0.8467759  0.6190875 ]
 [0.44267803 0.8774399  0.8003704 ]
 [0.4226043  0.87681484 0.62850654]
 [0.3545637  0.8650589  0.523357  ]
 [0.3208432  0.8527831  0.7511345 ]
 [0.310319   0.70466465 0.6056234 ]
 [0.31407034 0.7138925  0.66902506]
 [0.5740895  0.5535595  0.5565335 ]
 [0.59195703 0.5497093  0.7094351 ]
 [0.82134414 0.58799195 0.55989766]
 [0.87157875 0.57807446 0.73142606]
 [0.1304097  0.30468944 0.50918084]
 [0.14729235 0.2886486  0.6723012 ]
 [0.4261694  0.6368558  0.5963044 ]
 [0.43752056 0.63109815 0.8154616 ]
 [0.4054515  0.23916024 0.8063074 ]
 [0.44320005 0.21814385 0.7934446 ]]"
"[[0.51705337 0.16320002 0.71896285]
 [0.48370332 0.1367003  0.7516456 ]
 [0.48631942 0.13630256 0.68864316]
 [0.39481497 0.17222577 0.8201935 ]
 [0.3989593  0.17155623 0.81327015]
 [0.34075975 0.32095352 0.68542254]
 [0.30791506 0.33386737 0.71293664]
 [0.59973407 0.52080345 0.8065369 ]
 [0.56773156 0.5293471  0.5036459 ]
 [0.9172589  0.55237687 0.77199924]
 [0.7767399  0.5877313  0.38706386]
 [0.16125318 0.7649493  0.8895245 ]
 [0.15269788 0.7621141  0.48673597]
 [0.4783257  0.43976572 0.65982604]
 [0.4354829  0.47951877 0.38379765]
 [0.5227117  0.8506184  0.79492164]
 [0.4707618  0.83743876 0.6533179 ]]"
"[[0.565613   0.9271242  0.8133718 ]
 [0.52861315 0.94891715 0.7930063 ]
 [0.5269088  0.9511342  0.84402514]
 [0.45947665 0.906497   0.8261301 ]
 [0.45611745 0.90363795 0.81368554]
 [0.44630882 0.72621804 0.61611813]
 [0.43459317 0.74015003 0.70623076]
 [0.5939815  0.46666536 0.73667663]
 [0.6202775  0.50077236 0.88148665]
 [0.8593272  0.4747209  0.51158154]
 [0.8820384  0.48418975 0.8729366 ]
 [0.07853664 0.3796729  0.7043635 ]
 [0.07979606 0.39164823 0.79331124]
 [0.45604336 0.5478307  0.37195897]
 [0.46832788 0.58185405 0.828378  ]
 [0.31056768 0.20450962 0.44858143]
 [0.31794593 0.19812611 0.9128944 ]]"
"[[0.502801   0.11012354 0.63693106]
 [0.4717372  0.09781841 0.73058563]
 [0.47341797 0.09348502 0.672338  ]
 [0.4089171  0.13795476 0.76326334]
 [0.41098052 0.13326228 0.8788798 ]
 [0.38309085 0.27185532 0.89595616]
 [0.3675521  0.28528967 0.7169278 ]
 [0.58616805 0.48632324 0.7657676 ]
 [0.5736722  0.506452   0.6769079 ]
 [0.8290722  0.5202115  0.7157928 ]
 [0.81371576 0.5267775  0.42010581]
 [0.12469797 0.641228   0.77093923]
 [0.12447528 0.6417933  0.8166799 ]
 [0.47073764 0.459491   0.7330332 ]
 [0.45857093 0.47686464 0.7043036 ]
 [0.3806184  0.81119394 0.81543946]
 [0.38610283 0.80874276 0.883749  ]]"
"[[0.56475097 0.87901884 0.7306968 ]
 [0.5280875  0.8975525  0.8653315 ]
 [0.5262098  0.8999383  0.8804521 ]
 [0.45815045 0.85494477 0.878335  ]
 [0.45906353 0.85130376 0.9190154 ]
 [0.42712918 0.6858168  0.7252464 ]
 [0.44015616 0.68048555 0.71580243]
 [0.58483744 0.41925082 0.6536801 ]
 [0.59442365 0.41358635 0.7939575 ]
 [0.8151418  0.40831313 0.6273353 ]
 [0.8476465  0.40388224 0.7990803 ]
 [0.16104186 0.2705357  0.70780194]
 [0.16297224 0.25219122 0.7361966 ]
 [0.43120384 0.52901787 0.5594106 ]
 [0.4340692  0.52570605 0.34202728]
 [0.48982042 0.17154787 0.64798987]
 [0.52536887 0.13414788 0.765785  ]]"
"[[0.54610264 0.15771592 0.6863507 ]
 [0.51683635 0.13254939 0.8078061 ]
 [0.5185172  0.12972459 0.78736657]
 [0.44367927 0.15858823 0.8285083 ]
 [0.44819593 0.15828945 0.746446  ]
 [0.39706525 0.31260502 0.64041257]
 [0.38276982 0.3136983  0.76719046]
 [0.62077564 0.50911313 0.917874  ]
 [0.58650947 0.5416992  0.6292825 ]
 [0.86107826 0.51699513 0.7795678 ]
 [0.7999151  0.5508479  0.69244015]
 [0.1219139  0.66022885 0.5673363 ]
 [0.11522818 0.66230804 0.7049481 ]
 [0.469126   0.45187497 0.8223032 ]
 [0.45571446 0.509245   0.62434983]
 [0.45460814 0.82089406 0.8202308 ]
 [0.451611   0.81471366 0.81463104]]"
"[[0.550223   0.8295504  0.51745284]
 [0.52845436 0.8641681  0.67772985]
 [0.5258545  0.8656561  0.7244402 ]
 [0.423643   0.8562183  0.6103761 ]
 [0.42253396 0.847467   0.62406206]
 [0.3692856  0.7098957  0.43522897]
 [0.384579   0.7052269  0.7857114 ]
 [0.65245694 0.5356372  0.63158965]
 [0.6464944  0.5450937  0.7937151 ]
 [0.8856795  0.45118833 0.4895193 ]
 [0.9473884  0.46153712 0.6247732 ]
 [0.14245775 0.316421   0.67134583]
 [0.15860753 0.30568177 0.61141354]
 [0.5038464  0.5901563  0.28900614]
 [0.49175438 0.6142775  0.6477325 ]
 [0.50683165 0.2365973  0.38133952]
 [0.51398194 0.2363663  0.8679118 ]]"
"[[0.56090593 0.8364694  0.7753408 ]
 [0.53926396 0.8693645  0.8632408 ]
 [0.53858703 0.8721883  0.8854582 ]
 [0.45358357 0.8589931  0.82216156]
 [0.4551774  0.8577419  0.87834424]
 [0.38735142 0.72025424 0.6355545 ]
 [0.3982187  0.714444   0.63470364]
 [0.636366   0.54283166 0.6625637 ]
 [0.6477595  0.5458193  0.93192303]
 [0.8335602  0.48067826 0.74860495]
 [0.8939959  0.47517854 0.78006905]
 [0.11573987 0.37668696 0.77769125]
 [0.11407004 0.35968617 0.7816237 ]
 [0.48673987 0.58138543 0.5246048 ]
 [0.48046502 0.5744234  0.38538256]
 [0.42060134 0.2128255  0.83207524]
 [0.4301369  0.19225197 0.8206631 ]]"
"[[0.49676684 0.20835435 0.7510177 ]
 [0.4727995  0.19939373 0.79861027]
 [0.4713174  0.2013037  0.80297947]
 [0.43001458 0.24451765 0.91499543]
 [0.43105727 0.24481313 0.89142305]
 [0.41410887 0.34394065 0.7698441 ]
 [0.41083083 0.35117012 0.75509983]
 [0.58109736 0.45514932 0.8094419 ]
 [0.5846307  0.4615494  0.80369884]
 [0.7585399  0.504154   0.7544064 ]
 [0.7275285  0.5087779  0.75655216]
 [0.2418812  0.60318285 0.78058374]
 [0.24123113 0.5974111  0.5416447 ]
 [0.4935283  0.4550552  0.7869173 ]
 [0.49027902 0.47664052 0.7773246 ]
 [0.4804281  0.73360723 0.81463194]
 [0.47673044 0.72275174 0.8335019 ]]"
"[[0.6159037  0.86476225 0.67351526]
 [0.58133626 0.88384306 0.7010573 ]
 [0.5770894  0.8863117  0.7812555 ]
 [0.5030747  0.8366623  0.87582   ]
 [0.50092447 0.82871616 0.8521238 ]
 [0.45813033 0.665292   0.58483917]
 [0.47181448 0.66205674 0.75170606]
 [0.564539   0.3792764  0.6934851 ]
 [0.57978964 0.3726282  0.861568  ]
 [0.76312494 0.39633462 0.6203041 ]
 [0.7996554  0.39907882 0.67684305]
 [0.23039024 0.22873908 0.83154964]
 [0.23259391 0.21481764 0.8488491 ]
 [0.457366   0.5494838  0.6349355 ]
 [0.47408408 0.55200857 0.79242826]
 [0.48989257 0.15982285 0.6264993 ]
 [0.50406474 0.14523953 0.6637761 ]]"
"[[0.6256049  0.14475776 0.44015625]
 [0.59080184 0.13230409 0.5798191 ]
 [0.5987731  0.11982379 0.51682967]
 [0.5219953  0.19174062 0.5460887 ]
 [0.5332994  0.17287241 0.16617751]
 [0.49474114 0.31919143 0.755686  ]
 [0.4518665  0.32948288 0.4180401 ]
 [0.69526505 0.5664281  0.6082889 ]
 [0.6986726  0.59052444 0.46550685]
 [0.9885323  0.56620854 0.7463149 ]
 [0.97012216 0.6139986  0.46844563]
 [0.12806928 0.7447769  0.3627527 ]
 [0.13892125 0.7844629  0.24123259]
 [0.5115693  0.45267186 0.21593036]
 [0.51374024 0.54858375 0.17816675]
 [0.6687813  0.8824166  0.44622564]
 [0.6730966  0.8847561  0.48306242]]"
"[[0.650948   0.19469777 0.59679663]
 [0.62806326 0.16725795 0.6040767 ]
 [0.6306152  0.16431376 0.5875332 ]
 [0.53585446 0.18445589 0.76838094]
 [0.54353786 0.18427825 0.67442334]
 [0.46022385 0.31792235 0.7199291 ]
 [0.45358798 0.32179278 0.58956033]
 [0.6582162  0.5471382  0.7744965 ]
 [0.6433137  0.5469412  0.41600525]
 [0.92096347 0.54431134 0.5638205 ]
 [0.8723925  0.5383683  0.37787253]
 [0.09833968 0.6479863  0.81846446]
 [0.10795686 0.64631826 0.8007887 ]
 [0.4769452  0.45172837 0.6352967 ]
 [0.45782566 0.46994972 0.6416156 ]
 [0.44974735 0.8252627  0.70932734]
 [0.44457373 0.8142049  0.60562444]]"
"[[0.66922307 0.12898637 0.6172161 ]
 [0.65161955 0.10022147 0.7320074 ]
 [0.65249    0.09696625 0.71111274]
 [0.5651185  0.10538761 0.7011105 ]
 [0.5687821  0.10491417 0.5370846 ]
 [0.5232792  0.23368637 0.7142831 ]
 [0.45693618 0.2564615  0.5709586 ]
 [0.680387   0.48037592 0.8638366 ]
 [0.5929838  0.48773685 0.37270042]
 [0.8810062  0.49379152 0.5700867 ]
 [0.7883463  0.52427006 0.46514568]
 [0.19562645 0.5866053  0.7824024 ]
 [0.19050148 0.5904504  0.78323317]
 [0.59810823 0.43967658 0.5012016 ]
 [0.5121031  0.5243508  0.72496307]
 [0.4902593  0.80206317 0.6983337 ]
 [0.44529602 0.7875326  0.35042706]]"
"[[0.51675117 0.842803   0.5786041 ]
 [0.48450598 0.87107277 0.6784877 ]
 [0.48067707 0.8711278  0.8208552 ]
 [0.39335334 0.83197397 0.7309141 ]
 [0.39181462 0.82349026 0.81696975]
 [0.3304392  0.6674509  0.5637205 ]
 [0.34986612 0.6686633  0.62429893]
 [0.58947545 0.46266076 0.47059727]
 [0.6072394  0.47646683 0.86253756]
 [0.8517544  0.43151549 0.3376991 ]
 [0.9124858  0.44978222 0.8179139 ]
 [0.15579432 0.25146866 0.7376523 ]
 [0.16178592 0.24131395 0.75623965]
 [0.45194262 0.52586997 0.2793561 ]
 [0.47094423 0.5632846  0.61709833]
 [0.47392362 0.1691104  0.5337042 ]
 [0.49940252 0.16262479 0.6745006 ]]"
"[[0.6605569  0.2875083  0.75955397]
 [0.6489714  0.26127008 0.80472213]
 [0.6500922  0.2601386  0.7881532 ]
 [0.5700519  0.26409277 0.8406174 ]
 [0.5709635  0.26268813 0.78524905]
 [0.5229783  0.35668853 0.6165275 ]
 [0.5164036  0.35723028 0.5609517 ]
 [0.7160785  0.45265043 0.70271546]
 [0.709051   0.4589652  0.60117173]
 [0.9089836  0.52221596 0.4972786 ]
 [0.8971375  0.52751386 0.5720878 ]
 [0.30541942 0.63449925 0.87722725]
 [0.30668136 0.62643874 0.83124703]
 [0.5462129  0.44165412 0.61880314]
 [0.5665558  0.46357    0.5815208 ]
 [0.5696285  0.7372725  0.7380758 ]
 [0.5711353  0.7202437  0.57770467]]"
"[[0.5606031  0.93224925 0.7497262 ]
 [0.52072364 0.949745   0.7514173 ]
 [0.52048033 0.950266   0.82763624]
 [0.44741422 0.905114   0.7710554 ]
 [0.44838127 0.8978252  0.71815836]
 [0.40983808 0.7267025  0.57828355]
 [0.42298347 0.71279407 0.6971562 ]
 [0.5876924  0.42555696 0.5365485 ]
 [0.6059503  0.42638534 0.6276917 ]
 [0.82322764 0.41995364 0.46016073]
 [0.86484116 0.42847136 0.85778904]
 [0.11749995 0.27157983 0.68813765]
 [0.12536424 0.24659783 0.5577221 ]
 [0.42813078 0.5674787  0.6163614 ]
 [0.43466845 0.5721834  0.51917577]
 [0.4804144  0.17086282 0.6183428 ]
 [0.52139664 0.13427494 0.6618423 ]]"
"[[0.5447856  0.82925946 0.7100257 ]
 [0.5563028  0.8604007  0.78702354]
 [0.51559424 0.8633969  0.71676505]
 [0.53327525 0.85132426 0.56116897]
 [0.4237505  0.85800165 0.7688541 ]
 [0.40142444 0.7079444  0.61146116]
 [0.4155374  0.71261185 0.8498198 ]
 [0.6720995  0.49425253 0.68839526]
 [0.684201   0.50342864 0.9054109 ]
 [0.88168794 0.42403355 0.6989399 ]
 [0.93502474 0.41402715 0.84705794]
 [0.14896724 0.32126024 0.88868225]
 [0.15491483 0.3049173  0.89360476]
 [0.51475614 0.55339026 0.61267024]
 [0.51877767 0.5683066  0.8067945 ]
 [0.47040704 0.1723165  0.5421624 ]
 [0.473083   0.15157731 0.81255215]]"
"[[0.56489474 0.36447537 0.6811745 ]
 [0.55413175 0.35191625 0.75259614]
 [0.5515867  0.3528873  0.78029764]
 [0.51770824 0.36513916 0.76479685]
 [0.5147275  0.3621232  0.66580826]
 [0.506068   0.4089617  0.7986093 ]
 [0.48155695 0.41847262 0.7635467 ]
 [0.5756933  0.52937496 0.7110781 ]
 [0.56494343 0.525793   0.79921913]
 [0.691959   0.5288522  0.7097201 ]
 [0.66168445 0.5210971  0.6648761 ]
 [0.31930435 0.59319353 0.84073746]
 [0.3196338  0.58890736 0.74214256]
 [0.5178982  0.4859931  0.40226686]
 [0.50300354 0.47987866 0.50941205]
 [0.5072402  0.66068095 0.48244983]
 [0.49248362 0.6495651  0.606786  ]]"
"[[0.5820763  0.80434316 0.79767275]
 [0.55583924 0.82467026 0.7747487 ]
 [0.55533844 0.82593375 0.736179  ]
 [0.491558   0.7899725  0.8985615 ]
 [0.4919425  0.78916895 0.90436345]
 [0.44526193 0.66807353 0.6985059 ]
 [0.45840234 0.6728079  0.8634993 ]
 [0.58878917 0.4581656  0.6274576 ]
 [0.6034805  0.4564018  0.9100774 ]
 [0.753086   0.4652701  0.7837435 ]
 [0.8239266  0.45735422 0.8208143 ]
 [0.18236017 0.33545488 0.57307565]
 [0.17987573 0.32857525 0.65114564]
 [0.47095436 0.51641476 0.47856688]
 [0.4759365  0.534273   0.81954145]
 [0.483645   0.21021092 0.60866135]
 [0.49408194 0.20320092 0.88909745]]"
"[[0.549285   0.30966532 0.5997418 ]
 [0.53054065 0.30386508 0.64493924]
 [0.53047144 0.30227426 0.6285821 ]
 [0.4987695  0.34381634 0.62893933]
 [0.5035361  0.33511788 0.5584791 ]
 [0.4937041  0.4298845  0.74981403]
 [0.4909313  0.42293432 0.6663892 ]
 [0.5854143  0.5642565  0.7659946 ]
 [0.58350325 0.5566751  0.45432547]
 [0.70866966 0.52475345 0.65544784]
 [0.6957694  0.5192724  0.39955366]
 [0.31565547 0.6243723  0.5589397 ]
 [0.31716305 0.6089056  0.48717144]
 [0.4832616  0.5529711  0.34234345]
 [0.45602018 0.53955686 0.37343678]
 [0.41972786 0.70224625 0.36112872]
 [0.41598588 0.69572765 0.32409334]]"
"[[0.7297901  0.30429882 0.6811572 ]
 [0.7128191  0.28694496 0.81574774]
 [0.71382713 0.28652152 0.7864277 ]
 [0.65439725 0.30132532 0.684427  ]
 [0.6579374  0.29676068 0.6785366 ]
 [0.62473994 0.3711565  0.6891773 ]
 [0.6131273  0.374164   0.68909436]
 [0.74815017 0.51759595 0.6376214 ]
 [0.7380118  0.51505893 0.84565824]
 [0.89513695 0.51750714 0.7785977 ]
 [0.8797806  0.5177646  0.7791132 ]
 [0.42724964 0.60771704 0.84735805]
 [0.4267021  0.60586494 0.7954438 ]
 [0.6798557  0.47919732 0.82082534]
 [0.66741556 0.48898518 0.659058  ]
 [0.5842586  0.70008767 0.769156  ]
 [0.5832425  0.6940267  0.7281699 ]]"
"[[0.52171725 0.36453703 0.50682735]
 [0.5145232  0.349433   0.5653892 ]
 [0.51191384 0.3492258  0.49723795]
 [0.46838418 0.3605233  0.5063854 ]
 [0.46954304 0.3523995  0.46290404]
 [0.41457406 0.43997192 0.7721111 ]
 [0.41939452 0.4216697  0.5802868 ]
 [0.50737274 0.5551212  0.6149576 ]
 [0.50915885 0.5520563  0.7092306 ]
 [0.6413593  0.55547243 0.79298556]
 [0.6289159  0.5531187  0.6698046 ]
 [0.2825602  0.64490604 0.7487353 ]
 [0.29199016 0.64229596 0.51134706]
 [0.4329653  0.5091828  0.585583  ]
 [0.43421093 0.51824266 0.51081806]
 [0.521685   0.7309657  0.5472429 ]
 [0.5194453  0.7270707  0.73248935]]"
"[[0.602757   0.860601   0.75237334]
 [0.58020097 0.88918376 0.63065124]
 [0.5780974  0.89017165 0.7323575 ]
 [0.49966618 0.86679834 0.8658723 ]
 [0.4974992  0.8593607  0.8496157 ]
 [0.40061644 0.7126653  0.7401527 ]
 [0.45134613 0.69604105 0.6389047 ]
 [0.62519246 0.44985372 0.40277684]
 [0.6718363  0.46289238 0.74005437]
 [0.8172511  0.44607773 0.6650151 ]
 [0.91689956 0.4444848  0.810624  ]
 [0.1298534  0.31237137 0.8569997 ]
 [0.13964221 0.31692046 0.6634302 ]
 [0.48301575 0.51486343 0.5839249 ]
 [0.5246734  0.5551987  0.6878797 ]
 [0.57994604 0.16623396 0.6505112 ]
 [0.6056166  0.15906586 0.79238015]]"
